0.001,0.00026711668816699753
0.011,0.0002011131266350642
0.020999999999999998,0.0001362572427730853
0.031,0.0000707430197980857
0.041,1.6924186688261204e-6
0.051000000000000004,0.0000758579569108124
0.061000000000000006,0.00016979019552017878
0.07100000000000001,0.00029157557067473774
0.081,0.0004567963120305887
0.091,0.0006855389152195916
0.10099999999999999,0.001002657715647741
0.11099999999999999,0.0014350627926861621
0.12099999999999998,0.0020209841301626584
0.13099999999999998,0.0028006481853349386
0.141,0.003818943051286173
0.151,0.005125103964115711
0.161,0.006770025172436997
0.171,0.008813248225228954
0.18100000000000002,0.011314928896477481
0.19100000000000003,0.014337488612209976
0.20100000000000004,0.017944927776058373
0.21100000000000005,0.022200516353021345
0.22100000000000006,0.027171176114188553
0.23100000000000007,0.03292157529069925
0.24100000000000008,0.039514953468277755
0.25100000000000006,0.04701238410408015
0.26100000000000007,0.05547134463586812
0.2710000000000001,0.06494736324957955
0.2810000000000001,0.07549106715566267
0.2910000000000001,0.08714831484033729
0.3010000000000001,0.09995966634763799
0.3110000000000001,0.11396013270600722
0.3210000000000001,0.12917796231057765
0.3310000000000001,0.14563507671641668
0.34100000000000014,0.16334652157182958
0.35100000000000015,0.18232018958985216
0.36100000000000015,0.20255793392355134
0.37100000000000016,0.22405135706951837
0.38100000000000017,0.2467859136639908
0.3910000000000002,0.27073971002710506
0.4010000000000002,0.29588371111138534
0.4110000000000002,0.3221843284630728
0.4210000000000002,0.34959649242971974
0.4310000000000002,0.37807159862728434
0.4410000000000002,0.407555932059345
0.45100000000000023,0.4379914881109027
0.46100000000000024,0.46932005483325456
0.47100000000000025,0.5014737457857935
0.48100000000000026,0.5343863411774272
0.49100000000000027,0.5679909611158983
0.5010000000000002,0.6022208181827915
0.5110000000000002,0.6370137918458021
0.5210000000000002,0.6722998265240235
0.5310000000000002,0.7080140507201703
0.5410000000000003,0.7440926441050855
0.5510000000000003,0.7804724632811912
0.5610000000000003,0.8170950299892553
0.5710000000000003,0.8538909075480083
0.5810000000000003,0.8907937831854762
0.5910000000000003,0.9277350559453156
0.6010000000000003,0.9646430900296044
0.6110000000000003,1.0014475030959675
0.6210000000000003,1.0380629196640012
0.6310000000000003,1.0744047624813675
0.6410000000000003,1.1103844958591655
0.6510000000000004,1.1459099966516613
0.6610000000000004,1.180891008249892
0.6710000000000004,1.2152240794522178
0.6810000000000004,1.2488091500887748
0.6910000000000004,1.281545437844719
0.7010000000000004,1.3133321115396597
0.7110000000000004,1.3440732118648695
0.7210000000000004,1.3736636382736513
0.7310000000000004,1.4020036466353945
0.7410000000000004,1.4289943669230853
0.7510000000000004,1.454537595085472
0.7610000000000005,1.478538982696917
0.7710000000000005,1.5008963024530408
0.7810000000000005,1.5215105114461762
0.7910000000000005,1.5402819750176118
0.8010000000000005,1.5571103093370153
0.8110000000000005,1.5718964248046825
0.8210000000000005,1.5845359277877078
0.8310000000000005,1.5949261116490907
0.8410000000000005,1.6029642475637738
0.8510000000000005,1.6085480220628618
0.8610000000000005,1.6115760553268748
0.8710000000000006,1.6119481831772975
0.8810000000000006,1.6095660139052146
0.8910000000000006,1.6043331655069364
0.9010000000000006,1.5961554356036651
0.9110000000000006,1.584938248273313
0.9210000000000006,1.5705949513476425
0.9310000000000006,1.5530381731495764
0.9410000000000006,1.5321820975251101
0.9510000000000006,1.5079420838332398
0.9610000000000006,1.4802283842757589
0.9710000000000006,1.448964900428461
0.9810000000000006,1.4140696792266654
0.9910000000000007,1.375460549905988
1.0010000000000006,1.3330549512154308
1.0110000000000006,1.2867599494394746
1.0210000000000006,1.2365043636171529
1.0310000000000006,1.1822065789569
1.0410000000000006,1.1237845262067492
1.0510000000000006,1.0611557468835549
1.0610000000000006,0.9942228448205134
1.0710000000000006,0.922921074106968
1.0810000000000006,0.8471707848348111
1.0910000000000006,0.7668921443476369
1.1010000000000006,0.6820052074684494
1.1110000000000007,0.5924099122925507
1.1210000000000007,0.49805156366785014
1.1310000000000007,0.39885552337111696
1.1410000000000007,0.2947475249724729
1.1510000000000007,0.1856538302310978
1.1610000000000007,0.07147501207131868
1.1710000000000007,0.04782824934460894
1.1810000000000007,0.17232092598161539
1.1910000000000007,0.3020672337710854
1.2010000000000007,0.4371307110590281
1.2110000000000007,0.5776077271864993
1.2210000000000008,0.7235190996606118
1.2310000000000008,0.8749189518018629
1.2410000000000008,1.0318614408351152
1.2510000000000008,1.194400918016435
1.2610000000000008,1.3626332292613108
1.2710000000000008,1.5365618336246822
1.2810000000000008,1.716231834926099
1.2910000000000008,1.901688608230476
1.3010000000000008,2.0929776133572187
1.3110000000000008,2.2901939150092403
1.3210000000000008,2.493320087675363
1.3310000000000008,2.702387813089149
1.3410000000000009,2.9174277018649977
1.3510000000000009,3.1384689921355973
1.3610000000000009,3.3655983795702107
1.3710000000000009,3.5987677706355212
1.381000000000001,3.837986381184792
1.391000000000001,4.083261605841353
1.401000000000001,4.3345991539542945
1.411000000000001,4.592072389849125
1.421000000000001,4.855598059712418
1.431000000000001,5.125161397701113
1.441000000000001,5.400747404017744
1.451000000000001,5.682341282605603
1.461000000000001,5.97000859152165
1.471000000000001,6.263636330486324
1.481000000000001,6.563192418713099
1.491000000000001,6.868645930020683
1.501000000000001,7.179966973040348
1.511000000000001,7.497217313893118
1.521000000000001,7.82025431259477
1.531000000000001,8.149025966210019
1.541000000000001,8.48347924158705
1.551000000000001,8.823559354224173
1.561000000000001,9.169311667527124
1.571000000000001,9.52054776837661
1.581000000000001,9.877178490436227
1.591000000000001,10.239111188041358
1.601000000000001,10.606249882824754
1.611000000000001,10.978610156653334
1.621000000000001,11.355947816421946
1.6310000000000011,11.738131849182977
1.6410000000000011,12.125030963299595
1.6510000000000011,12.516514621766216
1.6610000000000011,12.912580382606215
1.6710000000000012,13.312943673131109
1.6810000000000012,13.71744905280762
1.6910000000000012,14.125943653235476
1.7010000000000012,14.53827660025998
1.7110000000000012,14.954436225430868
1.7210000000000012,15.374099420401818
1.7310000000000012,15.79707942721002
1.7410000000000012,16.22318601028156
1.7510000000000012,16.652224108978867
1.7610000000000012,17.084142460017507
1.7710000000000012,17.518547219802834
1.7810000000000012,17.95518867822797
1.7910000000000013,18.393812795617027
1.8010000000000013,18.834163017466103
1.8110000000000013,19.276142539184743
1.8210000000000013,19.719296330401356
1.8310000000000013,20.16333383213336
1.8410000000000013,20.607970266150623
1.8510000000000013,21.05292725844348
1.8610000000000013,21.498101817541567
1.8710000000000013,21.943014487288195
1.8810000000000013,22.387358535188977
1.8910000000000013,22.83082811730458
1.9010000000000014,23.273116341892788
1.9110000000000014,23.71409098742607
1.9210000000000014,24.153218808787592
1.9310000000000014,24.59014295640571
1.9410000000000014,25.024507696015352
1.9510000000000014,25.455961197702738
1.9610000000000014,25.884340805261026
1.9710000000000014,26.309081600319118
1.9810000000000014,26.729812265034365
1.9910000000000014,27.146171593103375
2.0010000000000012,27.557806867194913
2.011000000000001,27.964556715324346
2.021000000000001,28.365844968970162
2.0310000000000006,28.761283551182583
2.0410000000000004,29.150485321612223
2.051,29.533064927573083
2.061,29.90882661836864
2.0709999999999997,30.277164590132795
2.0809999999999995,30.63767247158872
2.0909999999999993,30.98996043653909
2.100999999999999,31.333657529194316
2.101999999999999,31.36756004093787
2.102999999999999,31.40137270965483
2.1039999999999988,31.435095144016717
2.1049999999999986,31.468726967369605
2.1059999999999985,31.502267798392293
2.1069999999999984,31.535717257137346
2.1079999999999983,31.56907496216804
2.108999999999998,31.602340538255074
2.109999999999998,31.63551361281299
2.110999999999998,31.66859381285116
2.111999999999998,31.70158076644921
2.1129999999999978,31.734474101969422
2.1139999999999977,31.767273453167537
2.1149999999999975,31.799978453339488
2.1159999999999974,31.832588737194627
2.1169999999999973,31.865103941072665
2.117999999999997,31.89752370235352
2.118999999999997,31.929847659812683
2.119999999999997,31.962075453765387
2.120999999999997,31.994206726522094
2.1219999999999968,32.02624112277923
2.1229999999999967,32.05817828409677
2.1239999999999966,32.09001785571792
2.1249999999999964,32.12175948434556
2.1259999999999963,32.153402821776005
2.1269999999999962,32.184947514330645
2.127999999999996,32.216393210136914
2.128999999999996,32.2477395602428
2.129999999999996,32.27898621892793
2.130999999999996,32.31013284313761
2.1319999999999957,32.341179081076646
2.1329999999999956,32.372124587653666
2.1339999999999955,32.40296901928896
2.1349999999999953,32.4337120402796
2.1359999999999952,32.464353303674656
2.136999999999995,32.49489246599126
2.137999999999995,32.52532918721204
2.138999999999995,32.55566313160793
2.139999999999995,32.58589396500338
2.1409999999999947,32.616021342906485
2.1419999999999946,32.64604492873004
2.1429999999999945,32.67596438745327
2.1439999999999944,32.70577939305129
2.1449999999999942,32.7354896055509
2.145999999999994,32.76509469022722
2.146999999999994,32.79459431558913
2.147999999999994,32.82398815476882
2.148999999999994,32.85327588107051
2.1499999999999937,32.88245715964385
2.1509999999999936,32.9115316628068
2.1519999999999935,32.94051732039344
2.1529999999999934,32.96939549495456
2.1539999999999933,32.998165812558355
2.154999999999993,33.02682790515429
2.155999999999993,33.05538140735961
2.156999999999993,33.08382595779305
2.157999999999993,33.112161194955256
2.1589999999999927,33.140386753663826
2.1599999999999926,33.168502273841
2.1609999999999925,33.19650739717488
2.1619999999999924,33.2244017702673
2.1629999999999923,33.252185034478885
2.163999999999992,33.27985683550387
2.164999999999992,33.30741682108294
2.165999999999992,33.33486464131585
2.166999999999992,33.36219994747243
2.1679999999999917,33.389422391615426
2.1689999999999916,33.41653162829705
2.1699999999999915,33.44352731387873
2.1709999999999914,33.47040910568119
2.1719999999999913,33.49717666479997
2.172999999999991,33.52382965334194
2.173999999999991,33.550367735218394
2.174999999999991,33.576790574789165
2.175999999999991,33.603097840069154
2.1769999999999907,33.62928920265607
2.1779999999999906,33.65536433462496
2.1789999999999905,33.681322909771
2.1799999999999904,33.707164600235004
2.1809999999999903,33.73288908863535
2.18199999999999,33.75849605565461
2.18299999999999,33.78398518382776
2.18399999999999,33.80935615497916
2.18499999999999,33.83460865664576
2.1859999999999897,33.85974238041123
2.1869999999999896,33.88475701765351
2.1879999999999895,33.909652261251104
2.1889999999999894,33.93442780283411
2.1899999999999893,33.95908334469591
2.190999999999989,33.98361858703805
2.191999999999989,34.00803323193648
2.192999999999989,34.032326981262536
2.193999999999989,34.0564995422088
2.1949999999999887,34.08055062490273
2.1959999999999886,34.1044799399907
2.1969999999999885,34.128287199769645
2.1979999999999884,34.1519721174826
2.1989999999999883,34.175534411467304
2.199999999999988,34.19897380046601
2.200999999999988,34.22229000511755
2.201999999999988,34.245499845571224
2.202999999999988,34.26858588575216
2.2039999999999877,34.291547810706746
2.2049999999999876,34.31438530765058
2.2059999999999875,34.337098066358
2.2069999999999874,34.35968577970045
2.2079999999999873,34.382148137752196
2.208999999999987,34.404484834942686
2.209999999999987,34.42669556773523
2.210999999999987,34.44878003833865
2.211999999999987,34.47073794398735
2.2129999999999868,34.49256898411347
2.2139999999999866,34.51427286175105
2.2149999999999865,34.53584928371867
2.2159999999999864,34.557297960373326
2.2169999999999863,34.57861859324522
2.217999999999986,34.59981089140767
2.218999999999986,34.62087456600715
2.219999999999986,34.64180933665427
2.220999999999986,34.66261491233729
2.2219999999999858,34.683291005798026
2.2229999999999857,34.70383733393048
2.2239999999999855,34.72425361828192
2.2249999999999854,34.74453958282379
2.2259999999999853,34.764694941838776
2.226999999999985,34.78471941794821
2.227999999999985,34.80461273588738
2.228999999999985,34.82437462891356
2.229999999999985,34.844004819119625
2.2309999999999848,34.86350303363684
2.2319999999999847,34.882869003253376
2.2329999999999846,34.90210246299525
2.2339999999999844,34.92120314922183
2.2349999999999843,34.94017079320682
2.2359999999999842,34.95900513242088
2.236999999999984,34.97770590648256
2.237999999999984,34.9962728599934
2.238999999999984,35.01470573361585
2.239999999999984,35.033004271943724
2.2409999999999837,35.05116822219232
2.2419999999999836,35.0691973337027
2.2429999999999835,35.08709135800419
2.2439999999999833,35.10485004887827
2.2449999999999832,35.12247316221813
2.245999999999983,35.13996045608344
2.246999999999983,35.15731168735238
2.247999999999983,35.17452662250247
2.248999999999983,35.191605027563746
2.2499999999999827,35.208546670411955
2.2509999999999826,35.22535131790324
2.2519999999999825,35.242034259326935
2.2529999999999824,35.258579697723405
2.2539999999999822,35.27498737463026
2.254999999999982,35.29125703386444
2.255999999999982,35.307388412292134
2.256999999999982,35.32338127011231
2.257999999999982,35.3392353613086
2.2589999999999817,35.354950441809244
2.2599999999999816,35.37052626420411
2.2609999999999815,35.38596259053167
2.2619999999999814,35.40125919277989
2.2629999999999812,35.41641583942399
2.263999999999981,35.43143230099538
2.264999999999981,35.446308340040375
2.265999999999981,35.46104374605222
2.266999999999981,35.47563830001971
2.2679999999999807,35.49009178519239
2.2689999999999806,35.50440398184658
2.2699999999999805,35.51857468019093
2.2709999999999804,35.53260367758605
2.2719999999999803,35.546490769238076
2.27299999999998,35.560235752163614
2.27399999999998,35.57383842101732
2.27499999999998,35.58729858531143
2.27599999999998,35.60061605115987
2.2769999999999797,35.61379062692537
2.2779999999999796,35.62682212235912
2.2789999999999795,35.63971035085772
2.2799999999999794,35.652455128561904
2.2809999999999793,35.66505627327019
2.281999999999979,35.67751360556254
2.282999999999979,35.68982695074939
2.283999999999979,35.70199612834378
2.284999999999979,35.71402096382785
2.2859999999999787,35.7259012849367
2.2869999999999786,35.7376369284108
2.2879999999999785,35.74922772139446
2.2889999999999784,35.760673491457354
2.2899999999999783,35.77197407217361
2.290999999999978,35.78312930225243
2.291999999999978,35.79413902933531
2.292999999999978,35.80500307550644
2.293999999999978,35.81572127843424
2.2949999999999777,35.82629347806705
2.2959999999999776,35.83671953135745
2.2969999999999775,35.84699927001608
2.2979999999999774,35.857132527887714
2.2989999999999773,35.86711914760687
2.299999999999977,35.876958979692176
2.300999999999977,35.886651882865415
2.301999999999977,35.89621120368561
2.302999999999977,35.90562320728728
2.3039999999999767,35.9148877080002
2.3049999999999766,35.924004541658256
2.3059999999999765,35.93297350900025
2.3069999999999764,35.9417944173355
2.3079999999999763,35.95046708296199
2.308999999999976,35.95899133150332
2.309999999999976,35.96736699284574
2.310999999999976,35.97559386558273
2.311999999999976,35.9836717684281
2.3129999999999757,35.99160052258501
2.3139999999999756,35.999379968300246
2.3149999999999755,36.007009914267435
2.3159999999999754,36.01449017855007
2.3169999999999753,36.02182058595292
2.317999999999975,36.02900096884595
2.318999999999975,36.03603116066662
2.319999999999975,36.042910978869344
2.320999999999975,36.04964025365731
2.3219999999999748,36.0562188177542
2.3229999999999746,36.06264651299645
2.3239999999999745,36.06892316966581
2.3249999999999744,36.07504862446478
2.3259999999999743,36.08102271779855
2.326999999999974,36.08684529240839
2.327999999999974,36.09251619368229
2.328999999999974,36.09803527003363
2.329999999999974,36.103402372089896
2.3309999999999738,36.1086173529921
2.3319999999999736,36.11368006041617
2.3329999999999735,36.11859036212829
2.3339999999999734,36.12334812241988
2.3349999999999733,36.12795320719718
2.335999999999973,36.13240547751749
2.336999999999973,36.136704804194935
2.337999999999973,36.14085107541617
2.338999999999973,36.14484417216614
2.3399999999999728,36.148683977891544
2.3409999999999727,36.15237035684271
2.3419999999999725,36.15590322482834
2.3429999999999724,36.15928248079388
2.3439999999999723,36.16250802505921
2.344999999999972,36.165579746992826
2.345999999999972,36.16849755484821
2.346999999999972,36.17126137896774
2.347999999999972,36.17387113769068
2.3489999999999718,36.176326751512676
2.3499999999999717,36.17862811572493
2.3509999999999716,36.18077519282259
2.3519999999999714,36.182779061844954
2.3529999999999713,36.18462847067035
2.3539999999999712,36.18632331896712
2.354999999999971,36.18786353024939
2.355999999999971,36.189249045762665
2.356999999999971,36.19047979593816
2.357999999999971,36.191555712148
2.3589999999999707,36.19247670942613
2.3599999999999706,36.193242754749456
2.3609999999999705,36.19385379535917
2.3619999999999703,36.19430978083513
2.3629999999999702,36.19461065277195
2.36399999999997,36.19475637150945
2.36499999999997,36.194746906391565
2.36599999999997,36.194582221657846
2.36699999999997,36.19426228279919
2.3679999999999697,36.19378705189743
2.3689999999999696,36.19315651104779
2.3699999999999695,36.192370636490395
2.3709999999999694,36.19142940673646
2.3719999999999692,36.190332802639404
2.372999999999969,36.18908080718589
2.373999999999969,36.18767340559661
2.374999999999969,36.186110585390615
2.375999999999969,36.18439233795579
2.3769999999999687,36.1825186612987
2.3779999999999686,36.18048953856716
2.3789999999999685,36.17830496327303
2.3799999999999684,36.17596493117375
2.3809999999999683,36.17346945320508
2.381999999999968,36.17081851865972
2.382999999999968,36.168012118250005
2.383999999999968,36.16505025094125
2.384999999999968,36.16193292369844
2.3859999999999677,36.158660153089556
2.3869999999999676,36.15523191607085
2.3879999999999675,36.151648212513706
2.3889999999999674,36.14790904455066
2.3899999999999673,36.14401443998445
2.390999999999967,36.13996438325411
2.391999999999967,36.13575886503937
2.392999999999967,36.131397886788776
2.393999999999967,36.12688146155782
2.3949999999999667,36.12220960848201
2.3959999999999666,36.11738229990888
2.3969999999999665,36.11239953583622
2.3979999999999664,36.10726131856305
2.3989999999999663,36.101967679574074
2.399999999999966,36.096518597836855
2.400999999999966,36.0909140646904
2.401999999999966,36.085162497834666
2.402999999999966,36.07925545506849
2.4039999999999657,36.07319293011796
2.4049999999999656,36.06697488008879
2.4059999999999655,36.06060128582029
2.4069999999999654,36.054072130579485
2.4079999999999653,36.04738742099987
2.408999999999965,36.04054712176936
2.409999999999965,36.03355121163264
2.410999999999965,36.026399675852986
2.411999999999965,36.01909250852409
2.4129999999999647,36.01162970228106
2.4139999999999646,36.004011233559794
2.4149999999999645,35.99623709210884
2.4159999999999644,35.988307270109196
2.4169999999999643,35.98022176881237
2.417999999999964,35.9719805773417
2.418999999999964,35.963583692002175
2.419999999999964,35.95503111234449
2.420999999999964,35.94632283924202
2.4219999999999637,35.93745887698787
2.4229999999999636,35.928439234635086
2.4239999999999635,35.91926392212636
2.4249999999999634,35.90993295178825
2.4259999999999633,35.900446326924076
2.426999999999963,35.890804078909355
2.427999999999963,35.881006231648314
2.428999999999963,35.8710528106875
2.429999999999963,35.860943833978176
2.4309999999999627,35.85067933355565
2.4319999999999626,35.8402593594816
2.4329999999999625,35.82968395294741
2.4339999999999624,35.818953157424325
2.4349999999999623,35.80806699225743
2.435999999999962,35.79702554012453
2.436999999999962,35.785828859714044
2.437999999999962,35.77447701182303
2.438999999999962,35.76297004317044
2.4399999999999618,35.75130802529295
2.4409999999999616,35.739491050007345
2.4419999999999615,35.72751919630563
2.4429999999999614,35.71539254378688
2.4439999999999613,35.7031111484955
2.444999999999961,35.6906751347095
2.445999999999961,35.678084599504615
2.446999999999961,35.665339642023255
2.447999999999961,35.652440346945646
2.4489999999999608,35.63938682674035
2.4499999999999607,35.62617920784877
2.4509999999999605,35.61281760631034
2.4519999999999604,35.59930754128557
2.4529999999999603,35.58564368600118
2.45399999999996,35.57182617665989
2.45499999999996,35.557855131306496
2.45599999999996,35.54373066997864
2.45699999999996,35.52945290576076
2.4579999999999598,35.515021968912535
2.4589999999999597,35.50043799520155
2.4599999999999596,35.48570111689642
2.4609999999999594,35.47081146760202
2.4619999999999593,35.4557691809714
2.462999999999959,35.44057439951351
2.463999999999959,35.425227264378044
2.464999999999959,35.40972791861403
2.465999999999959,35.39407651217597
2.466999999999959,35.37827318776723
2.4679999999999587,35.362318089378
2.4689999999999586,35.34621136532329
2.4699999999999585,35.32995316962981
2.4709999999999583,35.31354366404912
2.4719999999999582,35.296982982050956
2.472999999999958,35.280271273717474
2.473999999999958,35.263408690995774
2.474999999999958,35.24639540844676
2.475999999999958,35.22923156247474
2.4769999999999577,35.21191729387812
2.4779999999999576,35.1944527532857
2.4789999999999575,35.17683810263213
2.4799999999999573,35.15907351106062
2.4809999999999572,35.141159096453315
2.481999999999957,35.123095005738044
2.482999999999957,35.10488138772702
2.483999999999957,35.08651842512812
2.484999999999957,35.06800623784208
2.4859999999999567,35.04934495829978
2.4869999999999566,35.03053473018876
2.4879999999999565,35.01157571241339
2.4889999999999564,34.99246806483101
2.4899999999999562,34.97321189390847
2.490999999999956,34.95380733784604
2.491999999999956,34.93425453677314
2.492999999999956,34.91455366605338
2.493999999999956,34.89470483294509
2.4949999999999557,34.87470816389679
2.4959999999999556,34.85456379434359
2.4969999999999555,34.83427187427432
2.4979999999999554,34.81383254898557
2.4989999999999553,34.79324592661467
2.499999999999955,34.77251213973926
2.500999999999955,34.7516313228969
2.501999999999955,34.730605805637474
2.502999999999955,34.70943351836199
2.5039999999999547,34.68811458523559
2.5049999999999546,34.66664913553825
2.5059999999999545,34.6450373066137
2.5069999999999544,34.62327923250212
2.5079999999999543,34.60137503514872
2.508999999999954,34.57932484723532
2.509999999999954,34.55712880341032
2.510999999999954,34.53478704228974
2.511999999999954,34.51229969993354
2.5129999999999537,34.489666916015054
2.5139999999999536,34.466888832290806
2.5149999999999535,34.443965587583634
2.5159999999999534,34.42089732813965
2.5169999999999533,34.3976842103546
2.517999999999953,34.37432638680269
2.518999999999953,34.35082401193027
2.519999999999953,34.327177220888174
2.520999999999953,34.30338619936686
2.5219999999999527,34.279451114438
2.5229999999999526,34.255372134636616
2.5239999999999525,34.231149413995425
2.5249999999999524,34.20678313029506
2.5259999999999523,34.182273482716546
2.526999999999952,34.15762065651237
2.527999999999952,34.13282483722206
2.528999999999952,34.107886179558356
2.529999999999952,34.08280492142099
2.5309999999999517,34.05758126644704
2.5319999999999516,34.03221541988847
2.5329999999999515,34.006707565411844
2.5339999999999514,33.98105792361975
2.5349999999999513,33.95526673525499
2.535999999999951,33.92933422437983
2.536999999999951,33.90326061297542
2.537999999999951,33.87704609713051
2.538999999999951,33.85069095334056
2.5399999999999507,33.82419542378305
2.5409999999999506,33.797559752045224
2.5419999999999505,33.770784161608034
2.5429999999999504,33.743868913290385
2.5439999999999503,33.71681427922241
2.54499999999995,33.68962051913947
2.54599999999995,33.66228789031543
2.54699999999995,33.634816637583256
2.54799999999995,33.60720705515974
2.5489999999999498,33.579459416022694
2.5499999999999496,33.55157399438338
2.5509999999999495,33.523551055520485
2.5519999999999494,33.49538967690072
2.5529999999999493,33.46709135992901
2.553999999999949,33.43865639116979
2.554999999999949,33.410085057888935
2.555999999999949,33.381377647686904
2.556999999999949,33.35253445307591
2.5579999999999488,33.32355576584988
2.5589999999999486,33.294441878909595
2.5599999999999485,33.26519309434628
2.5609999999999484,33.235809699916
2.5619999999999483,33.2062919850527
2.562999999999948,33.17664024355417
2.563999999999948,33.14685477632667
2.564999999999948,33.116935889808694
2.565999999999948,33.08688385515416
2.5669999999999478,33.05669896300047
2.5679999999999477,33.02638150506384
2.5689999999999475,32.995931801367675
2.5699999999999474,32.96535011849563
2.5709999999999473,32.93463673198766
2.571999999999947,32.903791926946205
2.572999999999947,32.872816002829104
2.573999999999947,32.84170926081633
2.574999999999947,32.81047194442012
2.5759999999999468,32.779104329561136
2.5769999999999467,32.74760669327955
2.5779999999999466,32.715979353734994
2.5789999999999464,32.684222546769924
2.5799999999999463,32.65233652855489
2.5809999999999462,32.62032156553631
2.581999999999946,32.58817794302248
2.582999999999946,32.55590593969247
2.583999999999946,32.52350577688446
2.584999999999946,32.49097771025477
2.5859999999999457,32.45832199665032
2.5869999999999456,32.42553893463395
2.5879999999999455,32.392628736387216
2.5889999999999453,32.359591641612276
2.5899999999999452,32.32642789748509
2.590999999999945,32.29313776857836
2.591999999999945,32.259721507714175
2.592999999999945,32.22617932903443
2.593999999999945,32.192511472318614
2.5949999999999447,32.15871817858852
2.5959999999999446,32.124799716830296
2.5969999999999445,32.09075629771034
2.5979999999999444,32.05658815455237
2.5989999999999442,32.02229552428252
2.599999999999944,31.987878652512148
2.600999999999944,31.953337778034353
2.601999999999944,31.918668473339512
2.602999999999944,31.88387565490031
2.6039999999999437,31.8489595718771
2.6049999999999436,31.81392047614629
2.6059999999999435,31.778758617138976
2.6069999999999434,31.74347424688823
2.6079999999999433,31.70806761859489
2.608999999999943,31.67253897979785
2.609999999999943,31.63688858798526
2.610999999999943,31.60111671056569
2.611999999999943,31.565223609215803
2.6129999999999427,31.529209545953655
2.6139999999999426,31.493074759334107
2.6149999999999425,31.45681954881883
2.6159999999999424,31.420444188633322
2.6169999999999423,31.383948953976443
2.617999999999942,31.347334099089615
2.618999999999942,31.31059991180127
2.619999999999942,31.27374670020227
2.620999999999942,31.23677475527878
2.6219999999999417,31.199684365098957
2.6229999999999416,31.162475783777776
2.6239999999999415,31.125149363225546
2.6249999999999414,31.08770541248329
2.6259999999999413,31.050144241342586
2.626999999999941,31.012466128444622
2.627999999999941,30.97467140551927
2.628999999999941,30.936760421923715
2.629999999999941,30.898733506355264
2.6309999999999407,30.860590981234814
2.6319999999999406,30.822333140373466
2.6329999999999405,30.78396037561776
2.6339999999999404,30.745473034102456
2.6349999999999403,30.70687146346453
2.63599999999994,30.668155980600403
2.63699999999994,30.62932695822877
2.63799999999994,30.59038477680448
2.63899999999994,30.55132980036238
2.6399999999999397,30.512162386294705
2.6409999999999396,30.47288287753495
2.6419999999999395,30.433491682034198
2.6429999999999394,30.393989176947585
2.6439999999999393,30.354375739718613
2.644999999999939,30.314651730545634
2.645999999999939,30.27481754291252
2.646999999999939,30.23487357015762
2.647999999999939,30.194820198351835
2.6489999999999387,30.154657811735618
2.6499999999999386,30.11438679285402
2.6509999999999385,30.074007537627256
2.6519999999999384,30.033512339307965
2.6529999999999383,29.992909729867534
2.653999999999938,29.95220012531947
2.654999999999938,29.911383927913104
2.655999999999938,29.87046154162102
2.656999999999938,29.829433372732755
2.6579999999999377,29.788299835409575
2.6589999999999376,29.747061345209104
2.6599999999999375,29.705718280555725
2.6609999999999374,29.664271039453777
2.6619999999999373,29.622720019935837
2.662999999999937,29.581065655166377
2.663999999999937,29.53930830572452
2.664999999999937,29.49744834770296
2.665999999999937,29.455486165869623
2.6669999999999368,29.41342216464481
2.6679999999999366,29.37125674173148
2.6689999999999365,29.328990226013318
2.6699999999999364,29.286622984965327
2.6709999999999363,29.244155386193228
2.671999999999936,29.20158785427497
2.672999999999936,29.158920691990897
2.673999999999936,29.116154237212736
2.674999999999936,29.073288837656847
2.6759999999999358,29.030324869228046
2.6769999999999357,28.98726268758282
2.6779999999999355,28.944102575051417
2.6789999999999354,28.900844858419944
2.6799999999999353,28.857489864768855
2.680999999999935,28.814037984041974
2.681999999999935,28.7704894679488
2.682999999999935,28.7268446167059
2.683999999999935,28.683103737277932
2.6849999999999348,28.639267164838206
2.6859999999999347,28.59533520636032
2.6869999999999346,28.55130811502683
2.6879999999999344,28.50718618016555
2.6889999999999343,28.462969691552033
2.689999999999934,28.41865898662852
2.690999999999934,28.37425429578403
2.691999999999934,28.329755892855392
2.692999999999934,28.2851640541033
2.693999999999934,28.240479072758834
2.6949999999999337,28.195701221764853
2.6959999999999336,28.15083075139242
2.6969999999999335,28.105867929701894
2.6979999999999333,28.060813025466718
2.6989999999999332,28.0156663204105
2.699999999999933,27.97042806709277
2.700999999999933,27.925098531513388
2.701999999999933,27.879666512425732
2.702999999999933,27.83414380753728
2.7039999999999327,27.788530713515936
2.7049999999999326,27.742827531417035
2.7059999999999325,27.697034558943233
2.7069999999999323,27.651152092160054
2.7079999999999322,27.605180405832368
2.708999999999932,27.559119833166392
2.709999999999932,27.512970681543823
2.710999999999932,27.46673325854041
2.711999999999932,27.42040784424635
2.7129999999999317,27.373994763506538
2.7139999999999316,27.327494357968558
2.7149999999999315,27.28090695003778
2.7159999999999314,27.234232854952793
2.7169999999999312,27.187472352199627
2.717999999999931,27.14062583558306
2.718999999999931,27.093693646206262
2.719999999999931,27.046676125125646
2.720999999999931,26.999573568915135
2.7219999999999307,26.95238635163284
2.7229999999999306,26.905114860282826
2.7239999999999305,26.857759456594188
2.7249999999999304,26.810320489861812
2.7259999999999303,26.76279827904609
2.72699999999993,26.715193265484327
2.72799999999993,26.667505831701487
2.72899999999993,26.61973635988517
2.72999999999993,26.571885185814498
2.7309999999999297,26.523952730644318
2.7319999999999296,26.475939416503415
2.7329999999999295,26.427845644326993
2.7339999999999294,26.379671802097477
2.7349999999999293,26.331418263101764
2.735999999999929,26.28308548687604
2.736999999999929,26.23467388930517
2.737999999999929,26.186183885683995
2.738999999999929,26.137615861609664
2.7399999999999287,26.088970259165528
2.7409999999999286,26.040247514000566
2.7419999999999285,25.99144805089848
2.7429999999999284,25.942572288698763
2.7439999999999283,25.893620643893854
2.744999999999928,25.84459355886185
2.745999999999928,25.795491461426966
2.746999999999928,25.74631477868597
2.747999999999928,25.69706393958611
2.7489999999999277,25.64773936704655
2.7499999999999276,25.598341484283953
2.7509999999999275,25.548870714455973
2.7519999999999274,25.499312776122064
2.7529999999999273,25.449682897832353
2.753999999999927,25.399981510274756
2.754999999999927,25.350209060518676
2.755999999999927,25.300365994668855
2.756999999999927,25.25045279619331
2.7579999999999267,25.200469865995355
2.7589999999999266,25.150417626219102
2.7599999999999265,25.100296505207453
2.7609999999999264,25.050106954022795
2.7619999999999263,24.999849407324724
2.762999999999926,24.949524232749763
2.763999999999926,24.899131836168646
2.764999999999926,24.848672622647353
2.765999999999926,24.798147060806972
2.7669999999999257,24.747555476908694
2.7679999999999256,24.696898243942936
2.7689999999999255,24.64617574166475
2.7699999999999254,24.5953883824454
2.7709999999999253,24.544536545707235
2.771999999999925,24.49362054091203
2.772999999999925,24.442640721601794
2.773999999999925,24.391597440745365
2.774999999999925,24.34049111994136
2.7759999999999247,24.289322023593424
2.7769999999999246,24.238090476557407
2.7779999999999245,24.18679680693039
2.7789999999999244,24.13544137380633
2.7799999999999243,24.084024497616408
2.780999999999924,24.032546450749532
2.781999999999924,23.98100753966457
2.782999999999924,23.929408070609895
2.783999999999924,23.877748397558047
2.7849999999999238,23.82602876199218
2.7859999999999236,23.774249453687066
2.7869999999999235,23.72241076212731
2.7879999999999234,23.67051299272861
2.7889999999999233,23.618556427672814
2.789999999999923,23.566541331744023
2.790999999999923,23.5144679840005
2.791999999999923,23.46233666370355
2.792999999999923,23.410147656410775
2.7939999999999228,23.35790123024251
2.7949999999999227,23.30559766070136
2.7959999999999225,23.253237223032706
2.7969999999999224,23.200820183784334
2.7979999999999223,23.14834682255852
2.798999999999922,23.095817424379884
2.799999999999922,23.04323226781166
2.800999999999922,22.990591627263953
2.801999999999922,22.937877969001548
2.8029999999999218,22.885109507161864
2.8039999999999217,22.8322865720716
2.8049999999999216,22.779409493363552
2.8059999999999214,22.726478566371707
2.8069999999999213,22.673494143461088
2.8079999999999212,22.620456588238735
2.808999999999921,22.567366243625397
2.809999999999921,22.514223441239807
2.810999999999921,22.46102848183395
2.811999999999921,22.407781780305555
2.8129999999999207,22.354483696224122
2.8139999999999206,22.30113458824029
2.8149999999999205,22.247734765586817
2.8159999999999203,22.194284625679703
2.8169999999999202,22.140784569022465
2.81799999999992,22.08723497211284
2.81899999999992,22.033636195526967
2.81999999999992,21.97998857840314
2.82099999999992,21.926292570193205
2.8219999999999197,21.872548564382036
2.8229999999999196,21.81875695327924
2.8239999999999195,21.764918083175864
2.8249999999999194,21.711032386220786
2.8259999999999192,21.65710028650864
2.826999999999919,21.60312219022769
2.827999999999919,21.549098489921732
2.828999999999919,21.495029571078494
2.829999999999919,21.440915884598983
2.8309999999999187,21.386757845679245
2.8319999999999186,21.332555868150152
2.8329999999999185,21.278310343689895
2.8339999999999184,21.224021704848713
2.8349999999999183,21.169690375328486
2.835999999999918,21.11531677158525
2.836999999999918,21.060901307552545
2.837999999999918,21.00644439591172
2.838999999999918,20.951946452380014
2.8399999999999177,20.897407888846477
2.8409999999999176,20.842829115788238
2.8419999999999175,20.78821055947545
2.8429999999999174,20.733552608426244
2.8439999999999173,20.67885565908753
2.844999999999917,20.624120109996475
2.845999999999917,20.569346374551913
2.846999999999917,20.51453485541445
2.847999999999917,20.459685905476753
2.8489999999999167,20.404799904455196
2.8499999999999166,20.349877230777846
2.8509999999999165,20.29491831715438
2.8519999999999164,20.239902817764733
2.8529999999999163,20.184851864719437
2.853999999999916,20.129765860985234
2.854999999999916,20.07464524071686
2.855999999999916,20.019490406828066
2.856999999999916,19.964301688003115
2.8579999999999157,19.90907945741025
2.8589999999999156,19.853824086815763
2.8599999999999155,19.798536024636125
2.8609999999999154,19.743215542294415
2.8619999999999153,19.687862976330248
2.862999999999915,19.6324786672256
2.863999999999915,19.577062993844034
2.864999999999915,19.521616287625733
2.865999999999915,19.46613881439086
2.8669999999999147,19.41063088417358
2.8679999999999146,19.3550928059193
2.8689999999999145,19.299524959675765
2.8699999999999144,19.243927557719168
2.8709999999999143,19.188300882330335
2.871999999999914,19.13264521546677
2.872999999999914,19.076960868528463
2.873999999999914,19.021248110213428
2.874999999999914,18.965507173454206
2.8759999999999137,18.909738318764
2.8769999999999136,18.853941807378526
2.8779999999999135,18.79811792911959
2.8789999999999134,18.742266898001887
2.8799999999999133,18.686388960395746
2.880999999999913,18.630484361891035
2.881999999999913,18.57455335229069
2.882999999999913,18.518596172901145
2.883999999999913,18.46261306049918
2.8849999999999127,18.406604254912338
2.8859999999999126,18.350569993351936
2.8869999999999125,18.294510499565085
2.8879999999999124,18.238426033952525
2.8889999999999123,18.182316839101926
2.889999999999912,18.126183156804856
2.890999999999912,18.07002519999718
2.891999999999912,18.013843228233306
2.892999999999912,17.95763751206389
2.8939999999999118,17.90140830376345
2.8949999999999116,17.84515584484467
2.8959999999999115,17.78888034308071
2.8969999999999114,17.732582124150063
2.8979999999999113,17.676261456944392
2.898999999999911,17.619918609367414
2.899999999999911,17.563553794788874
2.900999999999911,17.507167322671418
2.901999999999911,17.45073620434719
2.9029999999999108,17.394284178829434
2.9039999999999107,17.337811571375372
2.9049999999999105,17.281318678129374
2.9059999999999104,17.224805930509067
2.9069999999999103,17.168273691512585
2.90799999999991,17.11172232244663
2.90899999999991,17.055152127043456
2.90999999999991,16.99856351463375
2.91099999999991,16.941956887003556
2.9119999999999098,16.885332622230628
2.9129999999999097,16.82869108101608
2.9139999999999096,16.772032612427022
2.9149999999999094,16.71535765366868
2.9159999999999093,16.658666594221675
2.916999999999909,16.6019598216687
2.917999999999909,16.545237693647753
2.918999999999909,16.488500622379135
2.919999999999909,16.431749009294876
2.920999999999909,16.374983245489034
2.9219999999999087,16.318203718253073
2.9229999999999086,16.261410812996303
2.9239999999999085,16.204604921143396
2.9249999999999083,16.147786427925993
2.9259999999999082,16.09095571665052
2.926999999999908,16.034113190065014
2.927999999999908,15.977259204236097
2.928999999999908,15.920394124109302
2.929999999999908,15.863518317423985
2.9309999999999077,15.806632170117327
2.9319999999999076,15.749736056393933
2.9329999999999075,15.69283028494734
2.9339999999999073,15.635915199148906
2.9349999999999072,15.578991140641577
2.935999999999907,15.522058517617786
2.936999999999907,15.465117588425581
2.937999999999907,15.40816865557365
2.938999999999907,15.351212029903074
2.9399999999999067,15.294248058309131
2.9409999999999066,15.237277054435387
2.9419999999999065,15.180299241253401
2.9429999999999064,15.123314895510347
2.9439999999999062,15.066324292574468
2.944999999999906,15.009327789944402
2.945999999999906,14.95232555701518
2.946999999999906,14.895317830432319
2.947999999999906,14.838304852302326
2.9489999999999057,14.781286899666538
2.9499999999999056,14.724264208115908
2.9509999999999055,14.667236949092613
2.9519999999999054,14.610179612182783
2.9529999999999053,14.553118296500337
2.953999999999905,14.496053324929495
2.954999999999905,14.438984902804547
2.955999999999905,14.381913282305941
2.956999999999905,14.324838715252378
2.9579999999999047,14.267761461621733
2.9589999999999046,14.210681767249389
2.9599999999999045,14.153599864700958
2.9609999999999044,14.096515994528488
2.9619999999999043,14.039430395297195
2.962999999999904,13.982343287490053
2.963999999999904,13.925254931761438
2.964999999999904,13.868165569145907
2.965999999999904,13.811075439309647
2.9669999999999037,13.753984749610638
2.9679999999999036,13.696893752798884
2.9689999999999035,13.639802725972336
2.9699999999999034,13.582711920072251
2.9709999999999033,13.52562157753083
2.971999999999903,13.468531881433494
2.972999999999903,13.411443178085602
2.973999999999903,13.354355737819581
2.974999999999903,13.297269829399353
2.9759999999999027,13.240185660738298
2.9769999999999026,13.183103536634604
2.9779999999999025,13.126023789230123
2.9789999999999024,13.068946710448548
2.9799999999999023,13.011872577420188
2.980999999999902,12.954801615054764
2.981999999999902,12.897734219994625
2.982999999999902,12.840670706148263
2.983999999999902,12.783611385568893
2.9849999999999017,12.726556518499732
2.9859999999999016,12.669506452662214
2.9869999999999015,12.612461543731825
2.9879999999999014,12.55542211930928
2.9889999999999013,12.498388497073234
2.989999999999901,12.441360977480798
2.990999999999901,12.38433992879331
2.991999999999901,12.327325683544954
2.992999999999901,12.270318572271202
2.9939999999999007,12.2133189245206
2.9949999999999006,12.156327065953574
2.9959999999999005,12.099343320310565
2.9969999999999004,12.042368009782308
2.9979999999999003,11.985401466025332
2.9989999999999,11.928444028014775
2.9999999999999,11.871495962040981
3.0009999999999,11.814557568224474
3.0019999999999,11.757601227722567
3.0029999999998997,11.700655397191726
3.0039999999998996,11.64372037159757
3.0049999999998995,11.586796461653643
3.0059999999998994,11.529883996941171
3.0069999999998993,11.472983338664871
3.007999999999899,11.41609484914112
3.008999999999899,11.359218735119615
3.009999999999899,11.302355282764227
3.010999999999899,11.245504776310383
3.0119999999998988,11.18866759797386
3.0129999999998986,11.131843920406634
3.0139999999998985,11.07503396093007
3.0149999999998984,11.018237958624756
3.0159999999998983,10.961456190127025
3.016999999999898,10.904688914581541
3.017999999999898,10.847936256806248
3.018999999999898,10.79119841492739
3.019999999999898,10.734475585636446
3.0209999999998978,10.67776803532352
3.0219999999998977,10.621075875732222
3.0229999999998975,10.564399262516625
3.0239999999998974,10.50773836145696
3.0249999999998973,10.451093352871336
3.025999999999897,10.394464403600805
3.026999999999897,10.337851639347132
3.027999999999897,10.28125520888051
3.028999999999897,10.224675259811738
3.0299999999998968,10.168111928949825
3.0309999999998967,10.11156537339669
3.0319999999998966,10.055035741485012
3.0329999999998964,9.998523179491224
3.0339999999998963,9.942027805993456
3.0349999999998962,9.885549766581313
3.035999999999896,9.829089255256838
3.036999999999896,9.77264643164549
3.037999999999896,9.716221454140454
3.038999999999896,9.659814388279338
3.0399999999998957,9.603425507656048
3.0409999999998956,9.547054999544331
3.0419999999998955,9.490703046806091
3.0429999999998953,9.434369771809138
3.0439999999998952,9.378055371731303
3.044999999999895,9.321760121698235
3.045999999999895,9.26548423494776
3.046999999999895,9.20922792060901
3.047999999999895,9.152991278641272
3.0489999999998947,9.096774667897026
3.0499999999998946,9.040578331655027
3.0509999999998945,8.984402511456317
3.0519999999998944,8.92821749644675
3.0529999999998942,8.872053635717277
3.053999999999894,8.815911312899836
3.054999999999894,8.759790863166545
3.055999999999894,8.70369261445265
3.056999999999894,8.647616844475374
3.0579999999998937,8.591563960018018
3.0589999999998936,8.535534306319306
3.0599999999998935,8.479528226118548
3.0609999999998934,8.423546047807747
3.0619999999998933,8.367588116635691
3.062999999999893,8.31165478199421
3.063999999999893,8.255746382728999
3.064999999999893,8.199863258693004
3.065999999999893,8.144005762929927
3.0669999999998927,8.088174194761425
3.0679999999998926,8.032368874856607
3.0689999999998925,7.976590121507536
3.0699999999998924,7.920838295533006
3.0709999999998923,7.865113676311298
3.071999999999892,7.8094165294120295
3.072999999999892,7.753747142819983
3.073999999999892,7.698105819964825
3.074999999999892,7.642492901650627
3.0759999999998917,7.586908558789469
3.0769999999998916,7.531353040719941
3.0779999999998915,7.475826594801169
3.0789999999998914,7.420329544618531
3.0799999999998913,7.364862065175391
3.080999999999891,7.30942432980061
3.081999999999891,7.254016544165495
3.082999999999891,7.198638937178191
3.083999999999891,7.143291761215684
3.0849999999998907,7.087975100887463
3.0859999999998906,7.032689122222267
3.0869999999998905,6.977433989742915
3.0879999999998904,6.922209932552311
3.0889999999998903,6.867017047833099
3.08999999999989,6.811855446390565
3.09099999999989,6.7567252600436865
3.09199999999989,6.701626635570062
3.09299999999989,6.646559722180973
3.0939999999998897,6.591524588939746
3.0949999999998896,6.536521345049884
3.0959999999998895,6.4815500985354655
3.0969999999998894,6.426610972489753
3.0979999999998893,6.371704055366307
3.098999999999889,6.316829441384016
3.099999999999889,6.261987227736827
3.100999999999889,6.207177504999307
3.101999999999889,6.152368687131298
3.1029999999998887,6.0975927608398575
3.1039999999998886,6.042849898818332
3.1049999999998885,5.988140272060034
3.1059999999998884,5.93346400975493
3.1069999999998883,5.878821325194344
3.107999999999888,5.824212405864009
3.108999999999888,5.769637430464899
3.109999999999888,5.715096549298384
3.110999999999888,5.660589929668921
3.1119999999998877,5.606117808977276
3.1129999999998876,5.551680379956723
3.1139999999998875,5.49727783352689
3.1149999999998874,5.4429102895928425
3.1159999999998873,5.388578019089558
3.116999999999887,5.334281238671594
3.117999999999887,5.280020155664893
3.118999999999887,5.225794943003651
3.119999999999887,5.171605804362697
3.1209999999998868,5.117453006422352
3.1219999999998866,5.063336771475084
3.1229999999998865,5.0092573198307555
3.1239999999998864,4.955214814481356
3.1249999999998863,4.901209542151019
3.125999999999886,4.847241737811295
3.126999999999886,4.793311631866276
3.127999999999886,4.739419434993207
3.128999999999886,4.685565377849123
3.1299999999998858,4.63174971467864
3.1309999999998857,4.577972678807627
3.1319999999998855,4.524234501426169
3.1329999999998854,4.470535403273406
3.1339999999998853,4.416875622958557
3.134999999999885,4.3632553884166505
3.135999999999885,4.309674925566985
3.136999999999885,4.256134468112491
3.137999999999885,4.202634233696813
3.1389999999998848,4.149174428199361
3.1399999999998847,4.095755264093861
3.1409999999998846,4.042376954504488
3.1419999999998844,3.989039742444718
3.1429999999998843,3.9357437842098846
3.143999999999884,3.8824892721200785
3.144999999999884,3.8292763966834427
3.145999999999884,3.776105380233198
3.146999999999884,3.7229763895620755
3.147999999999884,3.6698895685217297
3.1489999999998837,3.6168450831989594
3.1499999999998836,3.56384310537389
3.1509999999998834,3.5108838438355305
3.1519999999998833,3.457934098617224
3.1529999999998832,3.4050275035243147
3.153999999999883,3.3521642758604515
3.154999999999883,3.299344669909663
3.155999999999883,3.2465688700416933
3.156999999999883,3.1938370461475194
3.1579999999998827,3.1411493886356077
3.1589999999998826,3.088506094311863
3.1599999999998825,3.0359073798562184
3.1609999999998823,2.98335337345671
3.1619999999998822,2.930844242635417
3.162999999999882,2.878380153091747
3.163999999999882,2.825961290673217
3.164999999999882,2.7735877987646087
3.165999999999882,2.7212598178719154
3.1669999999998817,2.6689774968566775
3.1679999999998816,2.6167409851211043
3.1689999999998815,2.5645504331302242
3.1699999999998814,2.5124059735479527
3.1709999999998812,2.4603077453484015
3.171999999999881,2.4082558858556617
3.172999999999881,2.3562505219637817
3.173999999999881,2.304291796110439
3.174999999999881,2.2523798475143733
3.1759999999998807,2.2005148106185035
3.1769999999998806,2.148696809701929
3.1779999999998805,2.0969259642442144
3.1789999999998804,2.045202436398425
3.1799999999998803,1.9935263637367862
3.18099999999988,1.9418978822028377
3.18199999999988,1.890317090445118
3.18299999999988,1.838784158388838
3.18399999999988,1.7872992406153527
3.1849999999998797,1.7358624804216687
3.1859999999998796,1.6844740025418299
3.1869999999998795,1.6331339335492734
3.1879999999998794,1.5818424633121886
3.1889999999998793,1.5305997444176984
3.189999999999879,1.4794059277540401
3.190999999999879,1.4282611203610296
3.191999999999879,1.3771655170793369
3.192999999999879,1.3261192872554755
3.1939999999998787,1.2751225904272885
3.1949999999998786,1.2241755689207352
3.1959999999998785,1.1732783730308192
3.1969999999998784,1.1224311957680775
3.1979999999998783,1.0716342023198313
3.198999999999878,1.0208875561177293
3.199999999999878,0.9701913967576229
3.200999999999878,0.9195459105589977
3.201999999999878,0.8689165171928699
3.2029999999998777,0.8183383439375271
3.2039999999998776,0.7678116333109968
3.2049999999998775,0.7173366274120877
3.2059999999998774,0.6669135703708549
3.2069999999998773,0.6165427011907175
3.207999999999877,0.5662242565570971
3.208999999999877,0.5159584864879276
3.209999999999877,0.4657456034100711
3.210999999999877,0.41558583108262875
3.2119999999998767,0.3654793919477896
3.2129999999998766,0.315426523846081
3.2139999999998765,0.2654274413590068
3.2149999999998764,0.21548232947248705
3.2159999999998763,0.16559139066889686
3.216999999999876,0.11575482533133594
3.217999999999876,0.06597288226002675
3.218999999999876,0.016245691204799177
3.219999999999876,0.03342656958449907
3.2209999999998757,0.08304372374172447
3.2219999999998756,0.1326055648951939
3.2229999999998755,0.18211193327375425
3.2239999999998754,0.23156270583110797
3.2249999999998753,0.2809577322300454
3.225999999999875,0.33029686082073423
3.226999999999875,0.3795798926742799
3.227999999999875,0.4288067577040519
3.228999999999875,0.47797733111448426
3.2299999999998747,0.5270914897541253
3.2309999999998746,0.5761490815629768
3.2319999999998745,0.625150003919764
3.2329999999998744,0.6740941773249717
3.2339999999998743,0.7229815010846354
3.234999999999874,0.7718118720656707
3.235999999999874,0.8205851642629257
3.236999999999874,0.8693013265714752
3.237999999999874,0.9179602757697888
3.2389999999998738,0.9665619300309413
3.2399999999998736,1.0151061973217237
3.2409999999998735,1.0635930067670254
3.2419999999998734,1.1120222932691235
3.2429999999998733,1.1603939860670605
3.243999999999873,1.20870801617199
3.244999999999873,1.2569643172902263
3.245999999999873,1.3051628192234794
3.246999999999873,1.3533034555159382
3.2479999999998728,1.4013861609915543
3.2489999999998727,1.4494108874154235
3.2499999999998725,1.4973775591717087
3.2509999999998724,1.5452861002569485
3.2519999999998723,1.5931725405005572
3.252999999999872,1.641000506369324
3.253999999999872,1.6887698681151049
3.254999999999872,1.7364804345391172
3.255999999999872,1.7841320474189646
3.2569999999998718,1.8317245504500521
3.2579999999998717,1.8792578251656904
3.2589999999998716,1.9267316855521983
3.2599999999998714,1.9741459522984148
3.2609999999998713,2.0215004616502172
3.2619999999998712,2.068795065418053
3.262999999999871,2.1160296245564854
3.263999999999871,2.1632039263792846
3.264999999999871,2.2103177989030782
3.265999999999871,2.257371072107522
3.2669999999998707,2.304363614735434
3.2679999999998706,2.351295222943797
3.2689999999998705,2.398165707445044
3.2699999999998703,2.4449748915362464
3.2709999999998702,2.4917226117753226
3.27199999999987,2.5384087055923272
3.27299999999987,2.5850329661604348
3.27399999999987,2.6315952136251983
3.27499999999987,2.6780952701084275
3.2759999999998697,2.7245329757809706
3.2769999999998696,2.7709081388888883
3.2779999999998695,2.817220578102352
3.2789999999998694,2.8634701173838724
3.2799999999998692,2.9096565827387417
3.280999999999869,2.955779802042391
3.281999999999869,3.00183960476835
3.282999999999869,3.047835822471661
3.283999999999869,3.0937682885938282
3.2849999999998687,3.1396368218001935
3.2859999999998686,3.185441278887809
3.2869999999998685,3.2311815069766334
3.2879999999998684,3.2768573527263443
3.2889999999998683,3.3224686495513427
3.289999999999868,3.3680152459028765
3.290999999999868,3.4134970262490287
3.291999999999868,3.458913855305865
3.292999999999868,3.504265599471167
3.2939999999998677,3.549552082622002
3.2949999999998676,3.594773229466081
3.2959999999998675,3.639928929241866
3.2969999999998674,3.6850190695798744
3.2979999999998673,3.730043514445544
3.298999999999867,3.775002158211152
3.299999999999867,3.8198949388885755
3.300999999999867,3.864721766598648
3.301999999999867,3.9095199158768814
3.3029999999998667,3.954251664647388
3.3039999999998666,3.9989169042398403
3.3049999999998665,4.04351547915736
3.3059999999998664,4.088047235143332
3.3069999999998663,4.132511997384261
3.307999999999866,4.1769096234255665
3.308999999999866,4.221239999246756
3.309999999999866,4.265502991255953
3.310999999999866,4.309698466499355
3.3119999999998657,4.353826269677686
3.3129999999998656,4.397886307987748
3.3139999999998655,4.441878463526635
3.3149999999998654,4.4858026200662104
3.3159999999998653,4.529658657405671
3.316999999999865,4.573446465623153
3.317999999999865,4.617165940841202
3.318999999999865,4.660816976411354
3.319999999999865,4.704399468168306
3.3209999999998647,4.74791332004737
3.3219999999998646,4.791358418626963
3.3229999999998645,4.834734660642489
3.3239999999998644,4.87804194439016
3.3249999999998643,4.9212801863912405
3.325999999999864,4.9644492767204715
3.326999999999864,5.007549099525772
3.327999999999864,5.050579551037803
3.328999999999864,5.093540534742246
3.3299999999998637,5.136431975794034
3.3309999999998636,5.179253729587666
3.3319999999998635,5.22200568646228
3.3329999999998634,5.264687738312043
3.3339999999998633,5.307299808518986
3.334999999999863,5.349841768011801
3.335999999999863,5.392313484408204
3.336999999999863,5.434714842090712
3.337999999999863,5.477045735394131
3.3389999999998627,5.519306074787344
3.3399999999998626,5.561495702337733
3.3409999999998625,5.603614495687963
3.3419999999998624,5.645662334061984
3.3429999999998623,5.687639121753015
3.343999999999862,5.729544719709129
3.344999999999862,5.771378992419394
3.345999999999862,5.813141815358837
3.346999999999862,5.854833069976842
3.3479999999998618,5.896452642367197
3.3489999999998616,5.938000394031477
3.3499999999998615,5.979476201292252
3.3509999999998614,6.020879942021647
3.3519999999998613,6.0622500777020045
3.352999999999861,6.103547683874761
3.353999999999861,6.144772551770339
3.354999999999861,6.18592447469343
3.355999999999861,6.227003242786429
3.3569999999998608,6.2680086481685615
3.3579999999998607,6.3089405080331895
3.3589999999998605,6.349798629326162
3.3599999999998604,6.390582821010558
3.3609999999998603,6.431292868810024
3.36199999999986,6.471928613155415
3.36299999999986,6.512489884100256
3.36399999999986,6.552976507948662
3.36499999999986,6.593388299163834
3.3659999999998598,6.633725080380579
3.3669999999998597,6.673986720820613
3.3679999999998596,6.714173066085433
3.3689999999998594,6.754283963553512
3.3699999999998593,6.7943192281513936
3.370999999999859,6.834278750569495
3.371999999999859,6.874162400729303
3.372999999999859,6.913970045053616
3.373999999999859,6.953701537627572
3.374999999999859,6.99335674557778
3.3759999999998587,7.032935571643136
3.3769999999998586,7.072437899249271
3.3779999999998584,7.1118636133646
3.3789999999998583,7.151212578154207
3.3799999999998582,7.190484709111636
3.380999999999858,7.22967990517121
3.381999999999858,7.268798064824061
3.382999999999858,7.307839082175979
3.383999999999858,7.3468028591326675
3.3849999999998577,7.385689309457409
3.3859999999998576,7.424498341220062
3.3869999999998575,7.4632298638656005
3.3879999999998573,7.50188378683509
3.3889999999998572,7.5404600240534885
3.389999999999857,7.578958489493121
3.390999999999857,7.617379098417238
3.391999999999857,7.655721771079955
3.392999999999857,7.693986424205152
3.3939999999998567,7.732172971098926
3.3949999999998566,7.770281330010451
3.3959999999998565,7.808311420814025
3.3969999999998564,7.846263175393614
3.3979999999998562,7.884136500509263
3.398999999999856,7.92193131575022
3.399999999999856,7.959647541958244
3.400999999999856,7.997285108664531
3.401999999999856,8.03488372760703
3.4029999999998557,8.072403297683755
3.4039999999998556,8.109843646337957
3.4049999999998555,8.147204603785422
3.4059999999998554,8.184486010416629
3.4069999999998553,8.221687684950238
3.407999999999855,8.258809458474346
3.408999999999855,8.295851163858515
3.409999999999855,8.332812640964217
3.410999999999855,8.369693722793045
3.4119999999998547,8.406494241391087
3.4129999999998546,8.443214033992646
3.4139999999998545,8.479852940276517
3.4149999999998544,8.516410804595974
3.4159999999998543,8.55288746299644
3.416999999999854,8.589282757855194
3.417999999999854,8.625596533219742
3.418999999999854,8.661828636794985
3.419999999999854,8.697978914370648
3.4209999999998537,8.734047212923825
3.4219999999998536,8.770033382115278
3.4229999999998535,8.805937273525874
3.4239999999998534,8.84175874097185
3.4249999999998533,8.87749763698747
3.425999999999853,8.913153817048414
3.426999999999853,8.948727138181475
3.427999999999853,8.984217459662329
3.428999999999853,9.019624640947006
3.4299999999998527,9.054948543026216
3.4309999999998526,9.09018902868942
3.4319999999998525,9.125345962281559
3.4329999999998524,9.160419209681963
3.4339999999998523,9.195408637780334
3.434999999999852,9.230314115137459
3.435999999999852,9.265135511747143
3.436999999999852,9.299872698233965
3.437999999999852,9.334525548196638
3.4389999999998517,9.36909393642676
3.4399999999998516,9.403577738838893
3.4409999999998515,9.437976831772044
3.4419999999998514,9.472291092779859
3.4429999999998513,9.506520405151257
3.443999999999851,9.540664651183251
3.444999999999851,9.574723714485922
3.445999999999851,9.60869747513993
3.446999999999851,9.642585824518655
3.4479999999998507,9.676388653099883
3.4489999999998506,9.71010585145232
3.4499999999998505,9.743737308419341
3.4509999999998504,9.777282915163248
3.4519999999998503,9.810783607509073
3.45299999999985,9.844198028282161
3.45399999999985,9.877525979547217
3.45499999999985,9.910767256355145
3.45599999999985,9.943921674344965
3.4569999999998497,9.976989045423533
3.4579999999998496,10.009969181740201
3.4589999999998495,10.042861893060927
3.4599999999998494,10.075666993852657
3.4609999999998493,10.108384310775921
3.461999999999849,10.141013665763117
3.462999999999849,10.173554882355178
3.463999999999849,10.206007778155444
3.464999999999849,10.238372189036234
3.4659999999998488,10.270647946581931
3.4669999999998486,10.302834883171332
3.4679999999998485,10.33493283050278
3.4689999999998484,10.366941624070028
3.4699999999998483,10.398861105086917
3.470999999999848,10.430691113442931
3.471999999999848,10.46243149048639
3.472999999999848,10.494082078267652
3.473999999999848,10.525642721959452
3.4749999999998478,10.55711326747061
3.4759999999998477,10.588493562083261
3.4769999999998475,10.619783455939109
3.4779999999998474,10.650982798684609
3.4789999999998473,10.682091439290893
3.479999999999847,10.713109229606694
3.480999999999847,10.744036022907808
3.481999999999847,10.774871678662965
3.482999999999847,10.805616045980539
3.4839999999998468,10.836268980360472
3.4849999999998467,10.866830338593353
3.4859999999998466,10.897299981816975
3.4869999999998464,10.927677767953597
3.4879999999998463,10.95796355326689
3.4889999999998462,10.988157197871
3.489999999999846,11.018258563383048
3.490999999999846,11.048267515557255
3.491999999999846,11.078183913431427
3.492999999999846,11.1080076207899
3.4939999999998457,11.137738502603511
3.4949999999998456,11.16737642542754
3.4959999999998455,11.19692125631465
3.4969999999998453,11.226372863225574
3.4979999999998452,11.255731115542101
3.498999999999845,11.284995883408103
3.499999999999845,11.31416703634633
3.500999999999845,11.343244450558192
3.501999999999845,11.372270350671615
3.5029999999998447,11.401202042949278
3.5039999999998446,11.430039299961793
3.5049999999998445,11.458781902638778
3.5059999999998444,11.487429634583178
3.5069999999998442,11.515982278810679
3.507999999999844,11.544439618592959
3.508999999999844,11.57280143564999
3.509999999999844,11.60106752595186
3.510999999999844,11.629237680881287
3.5119999999998437,11.657311693298832
3.5129999999998436,11.685289352733367
3.5139999999998435,11.71317045910223
3.5149999999998434,11.740954813842022
3.5159999999998433,11.768642217664627
3.516999999999843,11.796232471627718
3.517999999999843,11.823725377021933
3.518999999999843,11.851120743654949
3.519999999999843,11.878418379116438
3.5209999999998427,11.905618092321248
3.5219999999998426,11.932719692533627
3.5229999999998425,11.959722992201634
3.5239999999998424,11.986627804852986
3.5249999999998423,12.013433944947684
3.525999999999842,12.040141228746414
3.526999999999842,12.066749473902762
3.527999999999842,12.093258496550565
3.528999999999842,12.119668115461469
3.5299999999998417,12.145978150601799
3.5309999999998416,12.172188426363988
3.5319999999998415,12.198298761642654
3.5329999999998414,12.22430897781222
3.5339999999998413,12.250218898229898
3.534999999999841,12.276028348809142
3.535999999999841,12.301737156196882
3.536999999999841,12.327345142867898
3.537999999999841,12.352852135300585
3.5389999999998407,12.378257961052554
3.5399999999998406,12.403562450737585
3.5409999999998405,12.428765431778398
3.5419999999998404,12.453866733802915
3.5429999999998403,12.478866187828343
3.54399999999984,12.503763625387847
3.54499999999984,12.528558879350266
3.54599999999984,12.553251784948738
3.54699999999984,12.57784217757432
3.5479999999998397,12.602329893577743
3.5489999999998396,12.626714765152336
3.5499999999998395,12.650996636662196
3.5509999999998394,12.675175349592552
3.5519999999998393,12.699294538854922
3.552999999999839,12.723310034073096
3.553999999999839,12.747221574827492
3.554999999999839,12.771028910795268
3.555999999999839,12.794731787376607
3.5569999999998387,12.81832995131245
3.5579999999998386,12.84182313931228
3.5589999999998385,12.865211115113503
3.5599999999998384,12.888493633672166
3.5609999999998383,12.911670450628431
3.561999999999838,12.934741316914696
3.562999999999838,12.957705991968286
3.563999999999838,12.98056424530198
3.564999999999838,13.003315841159836
3.5659999999998377,13.025960544893156
3.5669999999998376,13.04849811353907
3.5679999999998375,13.070928327421012
3.5689999999998374,13.093250958359565
3.5699999999998373,13.1154657792618
3.570999999999837,13.13757256101672
3.571999999999837,13.159571079957267
3.572999999999837,13.181461116655225
3.573999999999837,13.203242449961564
3.5749999999998368,13.224914859673612
3.5759999999998366,13.246478125827299
3.5769999999998365,13.267932031399313
3.5779999999998364,13.289276359444399
3.5789999999998363,13.310510893956637
3.579999999999836,13.331635421747118
3.580999999999836,13.35264972753651
3.581999999999836,13.373553595690465
3.582999999999836,13.3943468128263
3.5839999999998358,13.415029167061668
3.5849999999998357,13.435600450908836
3.5859999999998355,13.456060446791435
3.5869999999998354,13.476408942969453
3.5879999999998353,13.496645728518256
3.588999999999835,13.516770597109568
3.589999999999835,13.536783336661747
3.590999999999835,13.556683734561686
3.591999999999835,13.576471581182842
3.5929999999998348,13.596146668335049
3.5939999999998347,13.615708790468616
3.5949999999998346,13.635157735381345
3.5959999999998344,13.654493295075259
3.5969999999998343,13.67371526224915
3.597999999999834,13.692823431099239
3.598999999999834,13.711817594989647
3.599999999999834,13.730697547879641
3.600999999999834,13.74946308475134
3.601999999999834,13.768159422827758
3.6029999999998337,13.786740724913205
3.6039999999998336,13.80520668214689
3.6049999999998334,13.823556985173537
3.6059999999998333,13.841791325682651
3.6069999999998332,13.859909393239262
3.607999999999833,13.87791088454225
3.608999999999833,13.895795496769766
3.609999999999833,13.913562926913512
3.610999999999833,13.931212871557289
3.6119999999998327,13.948745027624682
3.6129999999998326,13.966159100165342
3.6139999999998325,13.983454791398364
3.6149999999998323,14.000631804413308
3.6159999999998322,14.017689839896045
3.616999999999832,14.034628605992708
3.617999999999832,14.05144781047036
3.618999999999832,14.068147160990216
3.619999999999832,14.08472636534228
3.6209999999998317,14.101185132181158
3.6219999999998316,14.117523173456709
3.6229999999998315,14.133740200450989
3.6239999999998314,14.149835925150994
3.6249999999998312,14.16581006071227
3.625999999999831,14.181662319943255
3.626999999999831,14.197392416569393
3.627999999999831,14.213000065047495
3.628999999999831,14.228484981483716
3.6299999999998307,14.243846881975465
3.6309999999998306,14.259085480172622
3.6319999999998305,14.27420049206088
3.6329999999998304,14.289191634179671
3.6339999999998303,14.304058626959726
3.63499999999983,14.318801184016253
3.63599999999983,14.333419021852551
3.63699999999983,14.347911857887874
3.63799999999983,14.362279411451851
3.6389999999998297,14.376521401010125
3.6399999999998296,14.390637542319269
3.6409999999998295,14.404627553555757
3.6419999999998294,14.418491153305935
3.6429999999998293,14.432228061969498
3.643999999999829,14.44583799712523
3.644999999999829,14.459320677928542
3.645999999999829,14.472675823970258
3.646999999999829,14.485903154565438
3.6479999999998287,14.499002390051174
3.6489999999998286,14.511973252028623
3.6499999999998285,14.524815461693095
3.6509999999998284,14.5375287405017
3.6519999999998283,14.550160114460928
3.652999999999828,14.562661799216325
3.653999999999828,14.575033405853342
3.654999999999828,14.587274546048256
3.655999999999828,14.599384828443027
3.6569999999998277,14.611363867265661
3.6579999999998276,14.623211281389736
3.6589999999998275,14.634926686853738
3.6599999999998274,14.646509699808696
3.6609999999998273,14.65795992998989
3.661999999999827,14.669277005262055
3.662999999999827,14.680460546110845
3.663999999999827,14.691510173434441
3.664999999999827,14.702425503695741
3.6659999999998267,14.713206161216135
3.6669999999998266,14.723851774222618
3.6679999999998265,14.734361967614545
3.6689999999998264,14.744736365895585
3.6699999999998263,14.75497458924375
3.670999999999826,14.765076271766262
3.671999999999826,14.7750410415841
3.672999999999826,14.784868527030817
3.673999999999826,14.794558353762092
3.6749999999998257,14.804110152468539
3.6759999999998256,14.813523555164284
3.6769999999998255,14.822798192229685
3.6779999999998254,14.83193369388772
3.6789999999998253,14.84092968959694
3.679999999999825,14.849785811990321
3.680999999999825,14.858501692284424
3.681999999999825,14.867076961720112
3.682999999999825,14.875511252137905
3.6839999999998247,14.883804194280643
3.6849999999998246,14.891955418778599
3.6859999999998245,14.899964556499492
3.6869999999998244,14.907831238788496
3.6879999999998243,14.91555509776524
3.688999999999824,14.923135761037166
3.689999999999824,14.930572858223975
3.690999999999824,14.937866018792082
3.691999999999824,14.945014874504656
3.6929999999998238,14.952019052181956
3.6939999999998236,14.95887817871015
3.6949999999998235,14.96559188170044
3.6959999999998234,14.97215978929477
3.6969999999998233,14.978581529831537
3.697999999999823,14.984856726909177
3.698999999999823,14.990985006086852
3.699999999999823,14.996965992595596
3.700999999999823,15.00279931282607
3.7019999999998228,15.008534132637111
3.7029999999998227,15.014120338276953
3.7039999999998225,15.01955743506119
3.7049999999998224,15.02484492846394
3.7059999999998223,15.029982323848703
3.706999999999822,15.034969125479215
3.707999999999822,15.039804837993087
3.708999999999822,15.04448896585237
3.709999999999822,15.049021013405946
3.7109999999998218,15.053400484590782
3.7119999999998217,15.05762688313613
3.7129999999998216,15.061699712511837
3.7139999999998214,15.065618476082493
3.7149999999998213,15.069382676781695
3.7159999999998212,15.07299181656414
3.716999999999821,15.076445397360644
3.717999999999821,15.079742920695374
3.718999999999821,15.082883889629633
3.719999999999821,15.085867802489398
3.7209999999998207,15.088694158449268
3.7219999999998206,15.091362456454538
3.7229999999998205,15.093872196979982
3.7239999999998203,15.096222878176935
3.7249999999998202,15.098413992782692
3.72599999999982,15.100445035920327
3.72699999999982,15.10231550207855
3.72799999999982,15.104024892390083
3.72899999999982,15.105572690955663
3.7299999999998197,15.106958387194483
3.7309999999998196,15.108181470353344
3.7319999999998195,15.109241433639436
3.7329999999998194,15.11013776417289
3.7339999999998192,15.11086994014556
3.734999999999819,15.111437444497597
3.735999999999819,15.111839759311765
3.736999999999819,15.112076375701744
3.737999999999819,15.112146761087356
3.7389999999998187,15.112050391473403
3.7399999999998186,15.111786742087475
3.7409999999998185,15.1113552910601
3.7419999999998184,15.110755510307575
3.7429999999998183,15.109986865954756
3.743999999999818,15.109048826824766
3.744999999999818,15.107940860704797
3.745999999999818,15.106662435490248
3.746999999999818,15.105213014890422
3.7479999999998177,15.10359206278625
3.7489999999998176,15.101799041864322
3.7499999999998175,15.099833409294508
3.7509999999998174,15.097694627509266
3.7519999999998173,15.095434404106747
3.752999999999817,15.092999774516697
3.753999999999817,15.090390071453141
3.754999999999817,15.087604613946592
3.755999999999817,15.084642755895963
3.7569999999998167,15.081503833745408
3.7579999999998166,15.078187182721297
3.7589999999998165,15.074692119613736
3.7599999999998164,15.071017988534328
3.7609999999998163,15.067164140449698
3.761999999999816,15.063129913915208
3.762999999999816,15.058914641227613
3.763999999999816,15.05451763508257
3.764999999999816,15.049938269631042
3.7659999999998157,15.045175888138962
3.7669999999998156,15.040229832303636
3.7679999999998155,15.035099418787839
3.7689999999998154,15.029784004587679
3.7699999999998153,15.024282949396248
3.770999999999815,15.018595599071617
3.771999999999815,15.012721292150347
3.772999999999815,15.006659355052268
3.773999999999815,15.000409160186399
3.7749999999998147,14.993970054946132
3.7759999999998146,14.987341384802935
3.7769999999998145,14.980522482643108
3.7779999999998144,14.973512699559771
3.7789999999998143,14.966311383951913
3.779999999999814,14.958917877807387
3.780999999999814,14.951331522109715
3.781999999999814,14.943551656554781
3.782999999999814,14.935577611928641
3.7839999999998137,14.927408720202283
3.7849999999998136,14.919044311099206
3.7859999999998135,14.910483731673613
3.7869999999998134,14.901726287509003
3.7879999999998133,14.892771287323939
3.788999999999813,14.883618043614295
3.789999999999813,14.874265879558275
3.790999999999813,14.864714116840375
3.791999999999813,14.854962015971346
3.7929999999998127,14.845008866094656
3.7939999999998126,14.834853953812546
3.7949999999998125,14.82449660704433
3.7959999999998124,14.813936059768048
3.7969999999998123,14.803171563994724
3.797999999999812,14.792202379191252
3.798999999999812,14.781027780561356
3.799999999999812,14.769647032815763
3.800999999999812,14.758059336265678
3.8019999999998118,14.74631949142938
3.8029999999998116,14.7343709946033
3.8039999999998115,14.722212972967638
3.8049999999998114,14.709844479911375
3.8059999999998113,14.697264587126293
3.806999999999811,14.684472368605453
3.807999999999811,14.671466900901663
3.808999999999811,14.658247253313043
3.809999999999811,14.644812478488491
3.8109999999998108,14.631161634322199
3.8119999999998107,14.617293775606338
3.8129999999998105,14.603207939261932
3.8139999999998104,14.588903191729283
3.8149999999998103,14.574378584508253
3.81599999999981,14.559633164454189
3.81699999999981,14.544665955191197
3.81799999999981,14.529475998162544
3.81899999999981,14.514062367947167
3.8199999999998098,14.498424111048228
3.8209999999998097,14.482560270368804
3.8219999999998095,14.466469826547094
3.8229999999998094,14.450151890433476
3.8239999999998093,14.433605514523562
3.824999999999809,14.41682974569361
3.825999999999809,14.399823594218992
3.826999999999809,14.382586108785421
3.827999999999809,14.365116377358195
3.828999999999809,14.347413450798038
3.8299999999998087,14.329476374573222
3.8309999999998086,14.311304143032979
3.8319999999998084,14.292895860331317
3.8329999999998083,14.274250576458044
3.8339999999998082,14.255367337020427
3.834999999999808,14.236245168200904
3.835999999999808,14.216883113865606
3.836999999999808,14.197280226805272
3.837999999999808,14.177435542821332
3.8389999999998077,14.157348093348773
3.8399999999998076,14.137016908030297
3.8409999999998075,14.116441003584965
3.8419999999998073,14.095619395536666
3.8429999999998072,14.074551094504367
3.843999999999807,14.053235125997842
3.844999999999807,14.031670478061558
3.845999999999807,14.009856122820421
3.846999999999807,13.98779104061183
3.8479999999998067,13.965474213356845
3.8489999999998066,13.942904647253282
3.8499999999998065,13.92008124564379
3.8509999999998064,13.897002951654786
3.8519999999998062,13.873728445037479
3.852999999999806,13.850196812644908
3.853999999999806,13.82640680959207
3.854999999999806,13.802357175929483
3.855999999999806,13.778046666755564
3.8569999999998057,13.753474040620622
3.8579999999998056,13.728638070285548
3.8589999999998055,13.703537436469473
3.8599999999998054,13.678170855192537
3.8609999999998053,13.652537036411823
3.861999999999805,13.626634706345195
3.862999999999805,13.600462542926579
3.863999999999805,13.574019218025102
3.864999999999805,13.547303406776336
3.8659999999998047,13.520313779511323
3.8669999999998046,13.493049001624483
3.8679999999998045,13.465507721049041
3.8689999999998044,13.43768858442273
3.8699999999998043,13.409590231591306
3.870999999999804,13.381211281963193
3.871999999999804,13.35255037477327
3.872999999999804,13.323606139029398
3.873999999999804,13.294377192078718
3.8749999999998037,13.264862133030528
3.8759999999998036,13.235059551417248
3.8769999999998035,13.204968082016855
3.8779999999998034,13.174586324503581
3.8789999999998033,13.143912870953395
3.879999999999803,13.11294626529707
3.880999999999803,13.081685127117328
3.881999999999803,13.050128050695381
3.882999999999803,13.018273612312466
3.8839999999998027,12.986120362233553
3.8849999999998026,12.953666848384726
3.8859999999998025,12.920911674305538
3.8869999999998024,12.88785339968523
3.8879999999998023,12.854490575749155
3.888999999999802,12.820821706249033
3.889999999999802,12.786845369528882
3.890999999999802,12.752560111627442
3.891999999999802,12.717964463029613
3.8929999999998017,12.68305693305512
3.8939999999998016,12.647836030666396
3.8949999999998015,12.612300288120636
3.8959999999998014,12.576448209021343
3.8969999999998013,12.54027828759118
3.897999999999801,12.503788997968131
3.898999999999801,12.466978828109486
3.899999999999801,12.429846248207424
3.900999999999801,12.392389717544388
3.9019999999998007,12.354672778945872
3.9029999999998006,12.31662867410801
3.9039999999998005,12.278255669500632
3.9049999999998004,12.239552026118847
3.9059999999998003,12.200515994344824
3.9069999999998,12.161145839488139
3.9079999999998,12.121439757688638
3.9089999999998,12.081395957232433
3.9099999999998,12.041012636378177
3.9109999999997997,12.00028800228255
3.9119999999997996,11.959220225528963
3.9129999999997995,11.91780743638355
3.9139999999997994,11.876047774698344
3.9149999999997993,11.833939369121728
3.915999999999799,11.79148038093384
3.916999999999799,11.748668853564412
